,Urban Aggl,change_abs_p0,change_abs_p10,change_abs_p100,change_abs_p20,change_abs_p30,change_abs_p40,change_abs_p50,change_abs_p60,change_abs_p70,change_abs_p80,change_abs_p90,change_norm_p0,change_norm_p10,change_norm_p100,change_norm_p20,change_norm_p30,change_norm_p40,change_norm_p50,change_norm_p60,change_norm_p70,change_norm_p80,change_norm_p90,max_extent,occurrence_p0,occurrence_p10,occurrence_p100,occurrence_p20,occurrence_p30,occurrence_p40,occurrence_p50,occurrence_p60,occurrence_p70,occurrence_p80,occurrence_p90,reach,recurrence_p0,recurrence_p10,recurrence_p100,recurrence_p20,recurrence_p30,recurrence_p40,recurrence_p50,recurrence_p60,recurrence_p70,recurrence_p80,recurrence_p90,seasonality_p0,seasonality_p10,seasonality_p100,seasonality_p20,seasonality_p30,seasonality_p40,seasonality_p50,seasonality_p60,seasonality_p70,seasonality_p80,seasonality_p90
0,Buenos Aires,-128.0,-13.0,98.0,0.0,0.0,0.0,0.0,0.0,0.0,10.999999999999998,47.0,-128.0,-10.0,100.0,0.0,0.0,0.0,0.0,0.0,0.0,58.0,99.9970190644988,57735.592156862826,0.0,71.67561315578753,100.0,89.15011570454695,96.71220463742917,98.00000000000055,98.00000000000055,99.00000000000102,99.00000000000102,99.00000000000102,99.00000000000102,city,9.0,77.0,100.0000000000004,97.0,100.00000000000033,100.00000000000033,100.00000000000033,100.00000000000033,100.00000000000033,100.00000000000033,100.00000000000033,1.0,5.082348050423661,12.00000000000001,11.99999999999999,12.00000000000001,12.00000000000001,12.00000000000001,12.00000000000001,12.00000000000001,12.00000000000001,12.00000000000001
1,Buenos Aires,-128.0,-13.932546140308627,100.0,-10.998448705703792,-9.0,-5.997356667017611,-2.0,0.0,2.0,3.0,5.035589502184337,-128.0,-69.00000000000001,100.00000000000009,-49.0,-33.0,-15.0,0.0,20.0,99.99989389972512,100.0,100.0,5627650.474509804,0.0,4.04798431179539,100.0,10.396113797176383,56.550647497989765,94.55372231138485,97.96226419224708,97.96226419224708,98.44337077431778,98.44337077431778,99.0000000000548,upstream,5.0,18.0,100.0000000000001,22.0,27.086512834875304,36.05987667512292,50.01747718891256,69.0,99.99999999999994,100.0,100.0,1.0,1.0,12.000000000000004,3.0,11.999999999999991,11.999999999999991,12.000000000000002,12.000000000000002,12.000000000000002,12.000000000000002,12.000000000000002
2,Aracaju,-92.0,-27.0,89.0,-10.000000000000002,0.0,0.0,0.0,0.0,0.0,0.0,6.999999999999998,-100.0,-64.0,100.0,-2.999999999999999,0.0,0.0,0.0,0.0,0.0,0.0,46.0,45091.95686274508,0.0,69.00000000000009,100.0,91.00000000000055,96.99999999999778,97.99999999999716,97.99999999999716,99.00000000000196,99.00000000000196,99.00000000000196,100.0,city,5.0,51.0,100.0,80.0,97.0,99.99999999999984,99.99999999999984,99.99999999999984,99.99999999999984,99.99999999999984,99.99999999999984,1.0,4.0,12.0,11.99999999999998,11.99999999999998,11.99999999999998,11.99999999999998,11.99999999999998,11.99999999999998,11.99999999999998,11.99999999999998
3,Aracaju,-92.0,-19.0,70.0,-2.0,0.0,0.0,0.0,0.0,0.0,0.0,7.0,-100.0,-24.000000000000004,100.0,0.0,0.0,0.0,0.0,0.0,0.0,0.0,27.0,15901.164705882356,0.0,69.0,100.0,84.28147282859996,91.00000000000016,95.00000000000088,96.44534446095696,96.44534446095696,97.50719215385595,97.50719215385595,98.0919476728719,upstream,7.0,56.99999999999999,100.0,86.0,96.98246988945718,100.0,100.0,100.0,100.0,100.0,100.0,1.0,3.0000000000000004,12.0,7.000000000000002,11.999999999999991,11.999999999999991,11.999999999999991,11.999999999999991,11.999999999999991,11.999999999999991,11.999999999999991
4,Recife,-92.0,-24.0,92.0,-3.0,0.0,0.0,0.0,0.0,0.0,0.0,2.0,-100.0,-49.0,100.0,0.0,0.0,0.0,0.0,0.0,0.0,0.0,3.0,47468.03137254905,0.0,80.00000000000009,100.0,90.00000000000018,97.84647815789285,98.957662052869,98.957662052869,98.957662052869,99.39574120598208,99.39574120598208,99.99999999999996,city,7.0,73.0,100.0,97.0,99.9999999999998,99.9999999999998,99.9999999999998,99.9999999999998,100.0,100.0,100.0,1.0,6.0,12.000000000000009,9.072115222829195,12.000000000000009,12.000000000000009,12.000000000000009,12.000000000000009,12.000000000000009,12.000000000000009,12.000000000000009
5,Recife,-128.0,-24.493279525064203,95.0,-5.0,7.000000000000001,16.0,28.000000000000004,49.0,65.0,74.00000000000001,81.0,-128.0,-100.0,100.00000000000004,12.0,60.0,74.00000000000001,84.00000000000001,91.0,96.0,100.00000000000004,100.00000000000004,15358.219607843144,0.0,25.00000000000004,97.0,49.0,65.87211565193213,75.51733473852526,79.49877770534532,81.00000000000037,83.00000000000016,84.48216112862404,85.92954717935731,upstream,7.0,41.99999999999999,100.0,53.18004820483926,61.99999999999999,69.0,75.00000000000001,77.0,82.0,88.0,95.0,1.0,1.0,12.0,2.339731109313547,2.339731109313547,5.0,9.0,12.0,12.0,12.0,12.0
6,La Serena Coquimbo,-33.0,4.0,53.0,5.0,5.0,6.0,6.0,8.0,9.0,13.0,19.0,-89.0,100.0,100.0,100.0,100.0,100.0,100.0,100.0,100.0,100.0,100.0,277.47058823529414,0.0,2.0,38.0,3.000000000000001,4.999999999999998,6.0,8.0,12.000000000000002,14.0,16.0,17.0,upstream,28.0,83.0,100.0,100.0,100.0,100.0,100.0,100.0,100.0,100.0,100.0,1.0,1.0,12.0,2.0,4.0,4.5,12.0,12.0,12.0,12.0,12.0
7,La Serena Coquimbo,-128.0,0.0,100.0,0.0,0.0,0.0,0.0,0.0,0.0,5.000000000000001,21.000000000000004,-128.0,0.0,100.0,0.0,0.0,0.0,0.0,0.0,0.0,8.0,99.99999999999991,2861.9294117646978,0.0,89.0,99.0,95.00000000000114,95.00000000000114,95.00000000000114,96.00000000000124,96.00000000000124,96.00000000000124,96.99999999999996,96.99999999999996,city,0.0,100.0,100.0,100.0,100.0,100.0,100.0,100.0,100.0,100.0,100.0,1.0,4.0,12.0,12.0,12.0,12.0,12.0,12.0,12.0,12.0,12.0
8,Bahia Blanca,-128.0,-8.0,100.0,-5.0,-2.0,0.0,0.0,1.0,3.0,6.0,11.000000000000002,-128.0,-6.0,100.0,-2.0,0.0,2.0,12.000000000000002,23.0,36.0,60.0,99.99999999999996,93393.95686274514,0.0,20.709680373660458,99.0,39.38975397973952,57.2917829191169,68.00000000000021,73.10618655005575,78.0000000000004,82.00000000000041,88.00000000000004,97.00000000000024,upstream,8.0,36.4272633716676,100.0,48.0,55.99999999999999,64.0,76.00000000000001,87.99999999999999,94.0,99.99999999999996,99.99999999999996,1.0,1.0,12.0,1.0,2.0,4.0,11.999999999999998,11.999999999999998,11.999999999999998,11.999999999999998,11.999999999999998
9,Bahia Blanca,-128.0,-9.0,93.0,-5.758350683050769,-2.0,0.0,0.0,0.0,0.0,0.0,1.0,-128.0,-6.000000000000001,100.0,-2.0,0.0,0.0,0.0,0.0,0.0,0.0,21.000000000000004,710388.8352941175,0.0,61.19542341607176,100.0,73.22664898171264,80.80916792396907,84.95933074086642,89.92582301808906,96.7691339795575,98.92681821939924,98.92681821939924,98.92681821939924,downstream,6.0,62.26518063851013,100.00000000000024,93.0,100.00000000000004,100.00000000000004,100.00000000000004,100.00000000000004,100.00000000000004,100.00000000000004,100.00000000000004,1.0,3.0000000000000004,12.000000000000016,12.000000000000004,12.000000000000004,12.000000000000004,12.000000000000004,12.000000000000004,12.000000000000004,12.000000000000004,12.000000000000004
10,Bahia Blanca,-128.0,-9.0,96.0,-4.999999999999999,-2.0,0.0,0.0,0.0,0.0,2.0,4.999999999999999,-128.0,-19.999999999999996,100.00000000000004,-4.0,0.0,0.0,0.0,2.0,18.0,37.00000000000001,100.00000000000004,126450.31764705882,0.0,47.99999999999989,100.0,65.51710922003971,72.9999999999983,79.00000000000054,83.99999999999991,89.00000000000128,93.51801511663533,98.843926653653,98.843926653653,city,8.0,24.73183971418839,100.0,50.0,61.385090321102254,78.0,91.00000000000004,99.9999999999999,99.9999999999999,99.9999999999999,99.9999999999999,1.0,1.0,12.000000000000002,1.0,4.0,12.000000000000002,12.000000000000002,12.000000000000002,12.000000000000002,12.000000000000002,12.000000000000002
11,Cï¿½rdoba,-90.0,-3.0,70.0,-2.0,-1.0,0.0,0.0,0.0,1.0,2.0,5.0,-100.0,-1.0,100.0,0.0,0.0,0.0,0.0,0.0,1.0,2.0,5.0,20413.435294117648,0.0,75.99999999999996,97.0,88.99999999999979,92.00000000000084,92.99999999999308,92.99999999999308,93.99999999999622,93.99999999999622,94.99999999999342,94.99999999999342,upstream,16.0,94.0,100.0,97.0,100.0,100.0,100.0,100.0,100.0,100.0,100.0,1.0,5.0,12.0,12.0,12.0,12.0,12.0,12.0,12.0,12.0,12.0
12,Cï¿½rdoba,-82.0,-28.0,91.0,-15.0,1.0,6.0,13.0,24.0,37.0,50.0,68.0,-100.0,-100.0,100.0,-38.0,4.0,41.0,69.0,96.0,100.0,100.0,100.0,1118.0901960784315,0.0,20.0,88.0,35.0,46.0,54.00000000000001,61.00000000000001,67.00000000000001,71.0,77.00000000000001,80.99999999999994,city,11.0,50.0,100.0,66.0,80.0,92.0,100.0,100.0,100.0,100.0,100.0,1.0,1.0,12.0,2.0,3.0,6.0,12.0,12.0,12.0,12.0,12.0
13,Cï¿½rdoba,-93.0,-34.00000000000001,94.0,-24.0,-17.0,-10.0,0.0,6.0,13.000000000000002,24.000000000000004,43.0,-100.00000000000004,-100.0,100.0,-100.0,-54.0,-13.0,15.0,45.00000000000001,91.0,100.0,100.0,5487.18823529412,0.0,8.0,91.0,15.000000000000004,21.29748100759696,30.00000000000001,36.451170759565954,44.50605326876512,52.99999999999999,66.0,77.99999999999996,downstream,8.0,42.00000000000001,100.00000000000004,55.00000000000001,64.0,72.0,78.0,84.99999999999999,93.0,100.00000000000004,100.00000000000004,1.0,1.0,12.000000000000004,1.0,1.0,2.0,3.000000000000001,4.0,6.000000000000001,12.000000000000004,12.000000000000004
14,Corrientes,-100.0,-45.0,98.0,-22.0,-12.0,-4.999999999999999,0.0,0.0,2.0,3.0,6.999999999999999,-100.0,-81.00000000000001,100.0,-41.0,-12.0,-1.0,0.0,0.0,12.000000000000002,75.0,100.0,215272.38039215677,0.0,41.00000000000048,100.0,71.99999999999908,85.00000000000063,90.9999999999951,95.99999999999774,96.99999999999464,97.99999999997418,97.99999999997418,97.99999999997418,downstream,7.0,36.00000000000001,100.0,50.0,65.99999999999999,88.0,99.99999999999994,99.99999999999994,99.99999999999994,99.99999999999994,99.99999999999994,1.0,4.0,12.0,10.0,11.999999999999998,11.999999999999998,11.999999999999998,11.999999999999998,11.999999999999998,11.999999999999998,11.999999999999998
15,Corrientes,-128.0,-41.0,98.0,-23.0,-13.999999999999998,-7.000000000000001,-1.0,0.0,1.0,2.9999999999999982,5.0,-128.0,-82.50921872056718,99.99999999999996,-51.0,-22.0,-3.0,0.0,0.0,1.0,21.0,99.99999999999996,189387.8392156861,0.0,42.527693643113054,100.0,77.5161948402485,87.57026977045952,92.99999999999234,96.99999999999363,96.99999999999363,97.99999999997333,97.99999999997333,97.99999999997333,upstream,7.0,31.0,99.99999999999994,41.0,56.0,73.0,97.0,99.99999999999994,99.99999999999994,99.99999999999994,99.99999999999994,1.0,5.0,11.999999999999996,11.999999999999996,11.999999999999996,11.999999999999996,11.999999999999996,11.999999999999996,11.999999999999996,11.999999999999996,11.999999999999996
16,Corrientes,-93.0,-41.000000000000014,98.0,-22.0,-11.0,-3.0000000000000013,0.0,0.0,1.0,2.0,6.0,-100.0,-91.0,100.0,-47.99999999999999,-8.0,-1.0,0.0,0.0,0.0,2.0,68.0,66000.18823529416,0.0,58.99999999999997,99.0,87.00000000000135,91.99999999999996,96.00000000000044,96.99999999999704,98.00000000001546,98.00000000001546,98.00000000001546,98.00000000001546,city,8.0,43.0,100.0,64.0,85.0,99.99999999999996,99.99999999999996,99.99999999999996,99.99999999999996,99.99999999999996,99.99999999999996,1.0,6.000000000000003,12.0,11.999999999999998,11.999999999999998,11.999999999999998,11.999999999999998,11.999999999999998,11.999999999999998,11.999999999999998,11.999999999999998
17,Neuquï¿½n-Plottier-Cipolletti,-100.0,-39.0,98.0,-18.0,-5.0,-1.0,0.0,2.0,5.000000000000001,12.0,28.0,-100.0,-48.0,100.0,-13.0,-1.0,0.0,1.0,3.0000000000000004,15.0,40.0,89.0,12699.290196078437,0.0,39.00000000000007,98.99999999999991,64.49051991090344,82.00000000000006,90.00000000000013,95.0000000000004,96.74187766475744,96.74187766475744,96.74187766475744,97.96861236361153,upstream,9.0,69.0,100.0,82.0,89.0,95.0,100.0,100.0,100.0,100.0,100.0,1.0,2.0,12.0,5.0,12.0,12.0,12.0,12.0,12.0,12.0,12.0
18,Neuquï¿½n-Plottier-Cipolletti,-128.0,-54.0,98.0,-41.0,-20.0,-5.0,-1.0,1.0,7.0,19.0,38.0,-128.0,-100.0,100.0,-50.0,-15.0,-1.0,0.0,5.0,23.0,52.0,100.0,8436.964705882354,0.0,34.00000000000001,99.0,57.99999999999996,75.00000000000001,87.00000000000003,92.99999999999994,95.00000000000028,96.99999999999947,97.99999999999925,97.99999999999925,city,9.0,65.0,100.0,78.0,85.00000000000001,92.0,96.0,100.0,100.0,100.0,100.0,1.0,2.0,12.0,4.0,7.000000000000001,12.0,12.0,12.0,12.0,12.0,12.0
19,Neuquï¿½n-Plottier-Cipolletti,-128.0,-62.0,98.0,-50.0,-38.0,-18.0,-3.0,-1.0,4.0,13.0,37.0,-128.0,-100.0,100.0,-100.0,-36.0,-8.0,-1.0,2.0,19.0,53.0,83.0,15406.235294117649,0.0,33.00000000000003,99.0,52.99999999999993,72.43800414334201,85.00000000000001,92.60522739270591,95.00000000000048,96.6766081835939,96.6766081835939,96.6766081835939,downstream,8.0,60.0,100.00000000000004,73.0,83.0,92.5358718401581,96.0,100.00000000000004,100.00000000000004,100.00000000000004,100.00000000000004,1.0,2.0,11.999999999999998,5.0,11.999999999999998,11.999999999999998,11.999999999999998,11.999999999999998,11.999999999999998,11.999999999999998,11.999999999999998
20,Posadas,-66.0,-1.0,86.0,-1.0,0.0,0.0,4.0,30.000000000000004,43.99999999999999,49.56754278278633,51.99999999999999,-100.0,0.0,100.0000000000002,0.0,0.0,0.0,6.0,90.00000000000001,94.54388692385255,97.0,100.0000000000002,95449.37254902002,0.0,39.00000000000127,100.0,43.99944986258424,96.91411588601568,96.91411588601568,97.99999999996592,97.99999999996592,97.99999999996592,97.99999999996592,97.99999999996592,upstream,10.0,40.00000000000001,100.0,47.877765287407,56.891777085286215,92.0,100.0,100.0,100.0,100.0,100.0,1.0,11.99999999999997,12.0,11.99999999999997,11.99999999999997,11.99999999999997,11.99999999999997,11.99999999999997,11.99999999999997,11.99999999999997,11.99999999999997
21,Posadas,-71.0,-1.0,95.0,-1.0,-1.0,0.0,0.0,23.0,53.99999999999999,57.0,60.99999999999999,-100.0,0.0,100.0,0.0,0.0,0.0,0.0,58.0,92.0,96.0,100.0,113556.43921568626,0.0,48.99999999999913,100.0,55.00000000000113,96.99999999999964,97.999999999955,97.999999999955,97.999999999955,97.999999999955,99.00000000000048,99.00000000000048,city,14.0,47.99999999999999,100.0,59.99999999999999,93.0,99.9999999999999,99.9999999999999,99.9999999999999,99.9999999999999,99.9999999999999,99.9999999999999,1.0,12.0,12.0,12.0,12.0,12.0,12.0,12.0,12.0,12.0,12.0
22,Posadas,-51.0,-1.0,97.0,0.0,0.0,41.0,51.15553875506207,59.59451698092301,61.638887854730925,64.41186091654492,68.00000000000001,-100.0,0.0,100.0,0.0,0.0,45.0,47.00000000000001,50.99999999999999,68.0,97.66376250425638,100.0,447777.14901960816,0.0,47.52089156574389,99.00000000010508,78.63914620718309,82.00685198813035,83.12485037141411,83.12485037141411,97.9999999998651,97.9999999998651,97.9999999998651,98.21545733759068,downstream,11.0,68.0,100.00000000000006,82.03902642964833,87.91849306615015,91.00000000000011,96.6937573711165,100.00000000000006,100.00000000000006,100.00000000000006,100.00000000000006,1.0,11.999999999999982,11.999999999999991,11.999999999999991,11.999999999999991,11.999999999999991,11.999999999999991,11.999999999999991,11.999999999999991,11.999999999999991,11.999999999999991
23,Resistencia,-95.0,-34.99999999999999,98.0,-18.59740207024756,-9.51584185283571,-4.0,0.0,0.0,2.0,4.0,5.000000000000001,-100.0,-66.0,100.00000000000004,-30.584238838954445,-9.0,0.0,0.0,2.0,49.0,100.00000000000004,100.00000000000004,415564.1725490197,0.0,28.778174578968454,100.0,60.73709880351488,81.81929794143406,90.7942766625001,95.82326740374933,96.89550732424848,97.9716668560878,97.9716668560878,98.40231720478852,downstream,6.0,34.47790432846817,100.0,49.99999999999997,66.0,77.0,95.0,99.99999999999996,99.99999999999996,99.99999999999996,99.99999999999996,1.0,2.0,12.0,5.532603842246854,11.999999999999998,11.999999999999998,11.999999999999998,11.999999999999998,11.999999999999998,11.999999999999998,11.999999999999998
24,Resistencia,-68.0,-19.0,41.0,-13.0,-10.0,-7.0,1.0,1.0,1.0,4.0,8.0,-100.0,-100.0,100.0,-93.0,-49.0,-18.0,36.0,100.0,100.0,100.0,100.0,2646.803921568627,0.0,2.999999999999999,76.0,7.000000000000006,10.999999999999996,15.000000000000009,22.0,30.00000000000001,40.0,48.0,60.99999999999999,upstream,6.0,28.0,100.0,45.0,60.0,72.0,85.0,100.0,100.0,100.0,100.0,1.0,1.0,12.0,1.0,1.0,2.0,3.0,6.0,7.0,12.0,12.0
25,Resistencia,-100.0,-50.00000000000001,97.0,-38.0,-28.0,-22.000000000000004,-17.0,-10.000000000000002,0.0,3.0,15.0,-100.0,-100.0,100.0,-97.0,-77.0,-51.0,-30.000000000000004,-10.0,0.0,24.0,100.0,27746.933333333327,0.0,18.99999999999996,99.0,36.000000000000085,48.99999999999998,63.00000000000007,76.00000000000004,86.00000000000013,92.99999999999991,95.99999999999947,97.99999999999864,city,8.0,31.0,100.0,41.00000000000001,52.0,64.0,77.0,88.00000000000001,100.0,100.0,100.0,1.0,2.0,12.0,4.0,7.0,11.999999999999996,11.999999999999996,11.999999999999996,11.999999999999996,11.999999999999996,11.999999999999996
26,Rosario,-128.0,-28.999999999999996,98.0,-21.950707098556407,-17.000000000000004,-12.999999999999996,-10.0,-6.000000000000001,-1.0,2.0,4.0,-128.0,-64.0,100.00000000000009,-49.0,-36.00000000000001,-23.0,-10.0,0.0,5.999999999999999,31.0,100.00000000000004,5717617.129411764,0.0,9.082789549645822,100.0,15.000000000002755,28.24132377572784,45.726486224433,65.74800391309478,82.77665612966867,91.28814035239024,96.29015371951785,98.42056898861004,downstream,6.0,27.2071645388472,100.00000000000006,37.0,45.09209132394644,51.260837703162174,58.11061721230892,65.36377720567404,80.01394264351684,97.0,100.0,1.0,1.0,12.000000000000002,2.0606174852264205,2.0606174852264205,4.0,11.99999999999999,12.0,12.0,12.0,12.0
27,Rosario,-97.0,-34.78523144454189,96.0,-22.760298945020917,-15.538564088348226,-11.371571579829164,-8.0,-3.799805221226374,0.0,2.156536240845967,4.0,-100.0,-61.84478927667873,100.00000000000009,-46.73303334733098,-32.99999999999999,-19.762877812531958,-6.999999999999999,0.0,10.0,41.269103709176505,100.0,2311200.5764705883,0.0,11.511334230834972,100.0,22.99653980775148,36.62653419201021,55.30538612873952,72.93553054733215,86.55248560643037,93.6261492691259,98.3649257065534,99.00000000003352,city,6.0,29.62268734003626,100.00000000000028,38.04173509981796,46.24103245127882,54.06178848885584,63.00000000000001,74.0,91.02875857281394,99.99999999999996,99.99999999999996,1.0,1.0,12.000000000000002,2.4325586917925754,4.0,5.064950703993142,11.999999999999998,11.999999999999998,11.999999999999998,11.999999999999998,11.999999999999998
28,Rosario,-128.0,-43.0,98.0,-31.0,-23.0,-17.000000000000004,-13.000000000000004,-8.0,-2.0,0.0,2.0,-128.0,-75.0,100.00000000000009,-58.76508419374628,-44.805198568406034,-32.0,-20.0,-6.0,0.0,0.0,54.99999999999999,2701747.203921569,0.0,20.97427977891732,100.0,41.74320694907436,62.4073678793339,78.6180625112759,87.76681364905612,93.50079204766114,96.3627783315641,98.62890591439816,98.62890591439816,upstream,6.0,33.00580232513758,100.0,46.01036907623367,56.16720902910714,66.0805028661586,77.1112403485445,91.01748492919336,100.0,100.0,100.0,1.0,2.04627993619658,12.0,3.0,11.999999999999998,12.0,12.0,12.0,12.0,12.0,12.0
29,San Salvador de Jujuy,-78.0,-17.0,82.0,5.0,7.0,9.0,16.0,25.0,40.0,53.0,59.0,-100.0,-15.0,100.0,100.0,100.0,100.0,100.0,100.0,100.0,100.0,100.0,644.4274509803921,0.0,15.0,83.0,27.0,36.0,40.0,43.99999999999999,46.0,48.0,50.00000000000001,58.0,downstream,32.0,69.0,100.0,87.0,97.0,99.99999999999996,99.99999999999996,99.99999999999996,99.99999999999996,99.99999999999996,99.99999999999996,1.0,2.0,12.0,3.0,4.0,4.999999999999999,5.999999999999998,5.999999999999998,5.999999999999998,6.999999999999998,8.0
30,San Salvador de Jujuy,-68.0,-29.0,66.0,-19.0,4.0,6.0,9.0,11.0,14.0,17.0,22.0,-100.0,-41.0,100.0,-14.0,100.0,100.0,100.0,100.0,100.0,100.0,100.0,404.0,0.0,4.0,84.0,6.000000000000004,8.999999999999998,18.0,32.0,50.0,63.0,72.99999999999999,77.99999999999999,upstream,21.0,44.0,100.0,66.0,75.0,83.0,94.0,100.0,100.0,100.0,100.0,1.0,1.0,12.0,1.0,1.0,1.0,1.0,2.0,2.0,3.0,5.0
31,San Salvador de Jujuy,-61.0,-39.0,27.0,-14.0,1.0,5.0,6.0,7.0,8.0,11.0,15.0,-100.0,-60.0,100.0,7.0,51.0,100.0,100.0,100.0,100.0,100.0,100.0,105.49803921568628,0.0,2.0,30.0,3.000000000000001,5.999999999999998,8.0,9.000000000000002,11.0,18.0,20.0,28.0,city,27.0,40.0,100.0,57.0,66.0,80.0,86.0,100.0,100.0,100.0,100.0,1.0,1.0,3.0,1.0,1.0,1.0,1.0,1.0,2.0,2.0,2.0
32,Santa Fe,-128.0,-55.99999999999999,99.0,-35.51285049328497,-21.999999999999996,-13.999999999999996,-6.999999999999998,-2.0,0.0,3.0,5.0,-128.0,-86.53070100999348,100.0,-59.0,-35.0,-16.0,-3.0000000000000004,0.0,1.0,45.0,100.0,504098.21960784326,0.0,26.00000000000004,99.00000000001286,53.00000000000016,73.90417168761071,85.00000000000304,90.892595090028,93.91981990856542,96.9066396357409,98.00000000001074,99.00000000001144,downstream,6.0,26.0,100.00000000000011,40.23716960977085,54.388640930520125,69.00000000000001,87.81527382294263,100.00000000000011,100.00000000000011,100.00000000000011,100.00000000000011,1.0,3.0,12.0,5.0,11.999999999999996,11.999999999999996,11.999999999999996,11.999999999999996,11.999999999999996,11.999999999999996,12.0
33,Santa Fe,-128.0,-41.0,98.0,-26.564801602566423,-18.0,-12.999999999999998,-9.0,-4.0,0.0,0.0,3.0000000000000027,-128.0,-84.0,100.0,-57.99999999999999,-42.00000000000001,-26.999999999999996,-11.0,-1.0,0.0,1.0,99.9996009943136,335486.92156862764,0.0,24.628587346151654,100.0,53.00000000000006,81.00000000000043,92.83605287387792,96.5247167289946,98.00000000001674,99.00000000001532,99.00000000001532,99.00000000001532,city,7.0,28.22333723761934,100.0000000000001,41.00000000000001,54.0,66.13324866987958,81.57786428029891,96.8868306122059,100.00000000000006,100.00000000000006,100.00000000000006,1.0,3.0,12.000000000000004,6.000000000000001,12.000000000000004,12.000000000000004,12.000000000000004,12.000000000000004,12.000000000000004,12.000000000000004,12.000000000000004
34,Santa Fe,-128.0,-45.563290983113966,98.0,-31.545024688758595,-21.62547672201889,-16.0,-11.56416897742151,-6.999999999999999,-2.0,0.0,3.0,-128.0,-84.88046631747501,100.00000000000004,-65.0,-49.99999999999999,-36.59706471995495,-22.82318942906735,-5.999999999999999,0.0,1.0,100.0,849246.6705882351,0.0,17.222293683569497,100.0,38.20849485456149,62.00000000000003,81.6255982388177,90.83759832718869,94.92878797800674,97.71183304171944,98.1435207093274,99.00000000001668,upstream,7.0,33.0,100.00000000000004,46.0,55.64327220063534,65.5500400989303,75.03416217807757,89.13308976351739,100.0,100.0,100.0,1.0,2.0,12.000000000000012,4.0,12.000000000000002,12.000000000000002,12.000000000000002,12.000000000000002,12.000000000000002,12.000000000000002,12.000000000000002
35,Belï¿½m,-128.0,0.0,98.0,0.0,0.0,0.0,0.0,0.0,0.0,0.0,0.0,-128.0,0.0,100.0,0.0,0.0,0.0,0.0,0.0,0.0,0.0,0.0,1106143.5372549023,0.0,98.70764313043146,100.0,99.01313837750904,99.01313837750904,99.01313837750904,99.01313837750904,99.01313837750904,99.01313837750904,100.0,100.0,downstream,8.0,99.99999999999996,100.0,99.99999999999996,99.99999999999996,99.99999999999996,99.99999999999996,100.0,100.0,100.0,100.0,1.0,11.99988903178127,12.0,11.99988903178127,11.99988903178127,11.99988903178127,11.99988903178127,11.99988903178127,11.99988903178127,11.99988903178127,11.999999999999996
36,Belï¿½m,-128.0,0.0,92.0,0.0,0.0,0.0,0.0,0.0,0.0,0.0,0.0,-128.0,0.0,100.0,0.0,0.0,0.0,0.0,0.0,0.0,0.0,0.0,101814.6156862745,0.0,97.00000000000016,100.0,98.652743640029,98.652743640029,98.652743640029,98.652743640029,98.652743640029,98.652743640029,98.99999999999643,98.99999999999643,city,7.0,100.0,100.0,100.0,100.0,100.0,100.0,100.0,100.0,100.0,100.0,1.0,12.000000000000002,12.000000000000002,12.000000000000002,12.000000000000002,12.000000000000002,12.000000000000002,12.000000000000002,12.000000000000002,12.000000000000002,12.000000000000002
37,Belï¿½m,-128.0,0.0,100.0,0.0,0.0,0.0,0.0,0.0,0.0,0.0,0.0,-128.0,0.0,100.0,0.0,0.0,0.0,0.0,0.0,0.0,0.0,0.0,975566.1725490196,0.0,98.77993777048272,100.0,98.77993777048272,99.0148903856594,99.0148903856594,99.0148903856594,99.0148903856594,99.0148903856594,99.0148903856594,100.0,city,7.0,99.99999999999994,100.00000000000006,100.00000000000004,100.00000000000004,100.00000000000004,100.00000000000004,100.00000000000004,100.00000000000004,100.00000000000004,100.00000000000004,1.0,12.000000000000004,12.000000000000004,12.000000000000004,12.000000000000004,12.000000000000004,12.000000000000004,12.000000000000004,12.000000000000004,12.000000000000004,12.000000000000004
38,Manaus,-128.0,-3.0,80.0,0.0,0.0,0.0,1.0,1.0,2.0,2.0,3.0000000000000004,-128.0,-2.0,100.0,0.0,0.0,0.0,0.0,1.0,1.0,1.0,2.0,544356.1372549022,0.0,91.99999999999623,100.0,95.9999999999944,97.61723408712388,97.61723408712388,97.61723408712388,97.61723408712388,98.479432130262,98.479432130262,98.479432130262,upstream,8.0,99.99999999999994,100.0,99.99999999999994,99.99999999999994,99.99999999999994,100.0,100.0,100.0,100.0,100.0,1.0,11.999890083659777,12.0,11.999890083659777,11.999890083659777,11.999890083659777,12.0,12.0,12.0,12.0,12.0
39,Manaus,-128.0,-16.0,99.0,-2.0,0.0,0.0,1.0,2.0,2.0,4.0,12.0,-128.0,-29.0,100.0,-2.0,0.0,0.0,0.0,1.0,1.0,2.0,36.0,234293.18039215685,0.0,76.00000000000075,100.0,91.88057744005316,96.00000000000072,97.0000000000383,98.31695613937288,98.31695613937288,98.31695613937288,98.31695613937288,98.31695613937288,city,6.0,61.00000000000001,100.0,91.0,99.99999999999996,99.99999999999996,99.99999999999996,99.99999999999996,99.99999999999996,99.99999999999996,99.99999999999996,1.0,5.000000000000001,12.000000000000009,9.000000000000002,12.000000000000009,12.000000000000009,12.000000000000009,12.000000000000009,12.000000000000009,12.000000000000009,12.000000000000009
40,Manaus,-128.0,-10.0,99.0,-3.0,0.0,0.0,0.0,0.0,3.0,7.000000000000001,19.0,-128.0,-16.0,100.0,-2.0,0.0,0.0,0.0,0.0,8.0,62.99999999999999,99.9994512807647,664575.7686274513,0.0,64.44656730649852,100.0,86.47942644683475,93.00000000000814,96.0000000000024,98.85070096564296,98.85070096564296,98.85070096564296,99.3738544348562,99.3738544348562,downstream,5.0,43.424667383281125,100.0,75.31326717550702,97.0,99.99999999999994,99.99999999999994,99.99999999999994,99.99999999999994,99.99999999999994,100.0,1.0,2.5257181932147854,12.0,4.414696033135887,6.000000000000001,10.000000000000002,11.998359441125546,11.998359441125546,11.998359441125546,11.998359441125546,12.0
41,Pelotas,-84.0,-20.0,96.0,-5.0,0.0,0.0,3.0,5.999999999999999,8.0,10.999999999999998,17.0,-100.0,-33.00000000000001,100.0,-1.0,0.0,5.0,30.0,60.0,100.0,100.0,100.0,20925.99999999999,0.0,22.000000000000043,100.0,54.99999999999997,77.00000000000004,89.00000000000016,94.00000000000006,96.99999999999812,96.99999999999812,97.9999999999999,97.9999999999999,upstream,11.0,39.0,100.0,48.0,53.99999999999999,60.0,75.0,92.0,99.99999999999994,99.99999999999994,99.99999999999994,1.0,3.0,12.0,7.0,11.999999999999996,11.999999999999996,11.999999999999996,11.999999999999996,11.999999999999996,11.999999999999996,11.999999999999996
42,Pelotas,-83.0,-21.0,71.0,-7.0,-1.0,0.0,0.0,0.0,0.0,4.0,17.0,-100.0,-21.0,100.0,-3.0,0.0,0.0,0.0,0.0,0.0,32.0,100.0,8188.63137254902,0.0,58.00000000000001,99.0,83.00000000000001,94.00000000000009,96.0000000000016,96.9999999999979,96.9999999999979,96.9999999999979,97.9999999999982,97.9999999999982,city,10.0,53.0,100.0,80.0,96.0,99.99999999999996,99.99999999999996,99.99999999999996,99.99999999999996,99.99999999999996,99.99999999999996,1.0,2.0,12.0,6.0,11.999999999999998,11.999999999999998,11.999999999999998,11.999999999999998,11.999999999999998,11.999999999999998,11.999999999999998
43,Pelotas,-93.0,-8.999999999999998,91.0,0.0,0.0,1.0,2.999999999999999,2.999999999999999,4.0,5.999999999999999,10.999999999999998,-100.0,-12.0,100.0,0.0,38.0,53.99999999999999,63.0,73.0,82.0,100.0,100.0,73833.98431372554,0.0,5.999999999999955,99.0,16.99999999999995,60.99999999999995,89.00000000000014,96.00000000000178,96.99999999999812,97.99999999999942,97.99999999999942,97.99999999999942,downstream,8.0,23.000000000000004,100.0,30.000000000000004,37.00000000000001,41.99999999999999,50.0,60.00000000000001,68.0,100.0,100.0,1.0,1.0,12.0,1.0,1.0,2.0,11.999999999999966,11.999999999999966,11.999999999999966,11.999999999999966,11.999999999999966
44,Petrolina,-93.0,-35.0,85.0,-14.0,-4.0,-2.0,-2.0,-1.0,-1.0,0.0,0.0,-100.0,-47.0,100.0,-10.0,-1.0,-1.0,-1.0,0.0,0.0,0.0,0.0,27846.976470588237,0.0,84.00000000000004,100.0,94.99999999999294,95.99999999999396,95.99999999999396,95.99999999999396,96.99999999999407,96.99999999999407,96.99999999999407,98.0000000000026,upstream,7.0,75.0,100.0,100.0,100.0,100.0,100.0,100.0,100.0,100.0,100.0,1.0,9.0,12.0,12.0,12.0,12.0,12.0,12.0,12.0,12.0,12.0
45,Petrolina,-95.0,-35.0,74.0,-15.0,-3.0,-2.0,-1.0,-1.0,0.0,0.0,1.0,-100.0,-61.0,100.0,-17.0,-1.0,-1.0,0.0,0.0,0.0,0.0,5.0,15516.356862745097,0.0,76.99999999999994,99.0,94.0000000000003,95.99999999999967,95.99999999999967,95.99999999999967,96.99999999999736,96.99999999999736,96.99999999999736,96.99999999999736,city,7.0,53.0,100.0,85.99999999999999,99.99999999999996,99.99999999999996,99.99999999999996,99.99999999999996,99.99999999999996,99.99999999999996,99.99999999999996,1.0,5.0,12.0,12.0,12.0,12.0,12.0,12.0,12.0,12.0,12.0
46,Petrolina,-97.0,-39.00000000000001,83.0,-20.0,-9.0,-3.0,-2.0,-1.0,0.0,0.0,1.0,-100.0,-49.0,100.0,-20.0,-5.0,-1.0,-1.0,0.0,0.0,0.0,0.0,30148.019607843144,0.0,72.00000000000011,99.0,88.00000000000043,93.99999999999892,95.99999999999568,95.99999999999568,96.9999999999952,96.9999999999952,96.9999999999952,98.0000000000023,downstream,8.0,66.0,100.0,94.0,100.0,100.0,100.0,100.0,100.0,100.0,100.0,1.0,5.999999999999999,12.0,11.999999999999991,11.999999999999991,11.999999999999991,11.999999999999991,11.999999999999991,11.999999999999991,11.999999999999991,11.999999999999991
47,Puerto Alegre,-100.0,0.0,90.0,0.0,0.0,0.0,0.0,0.0,0.0,0.0,0.0,-100.0,0.0,100.0,0.0,0.0,0.0,0.0,0.0,0.0,0.0,0.0,706740.6980392159,0.0,97.99999999986358,100.0,98.99460490497135,98.99460490497135,99.02895216685722,99.02895216685722,99.02895216685722,99.02895216685722,99.02895216685722,99.02895216685722,downstream,9.0,99.99999999999984,100.0,99.99999999999984,99.99999999999984,99.99999999999984,99.99999999999984,99.99999999999984,99.99999999999984,99.99999999999984,99.99999999999984,1.0,11.999999999999991,12.0,11.999999999999991,11.999999999999996,11.999999999999996,11.999999999999996,11.999999999999996,11.999999999999996,11.999999999999996,11.999999999999996
48,Puerto Alegre,-128.0,-20.0,89.0,-9.000000000000002,-4.0,-1.0,0.0,1.0,4.0,7.0,14.0,-128.0,-53.0,100.00000000000004,-5.0,0.0,0.0,17.000000000000004,31.0,45.0,73.0,100.0,296452.9176470588,0.0,9.759847592198795,100.0,36.254686289697936,84.01598573806967,96.72437812595236,98.01297746149044,98.01297746149044,98.01297746149044,98.01297746149044,99.00000000000196,upstream,7.0,35.0,100.0,45.00000000000001,52.00000000000001,59.5015573965612,65.37591496109737,72.16653132507689,84.24719555009882,100.0,100.0,1.0,1.0,12.000000000000004,1.0,1.0,2.1222696344059027,11.999999999999998,11.999999999999998,12.000000000000004,12.000000000000004,12.000000000000004
49,Puerto Alegre,-100.0,-1.0,81.0,0.0,0.0,0.0,0.0,0.0,0.0,0.0,0.0,-100.00000000000004,0.0,100.0,0.0,0.0,0.0,0.0,0.0,0.0,0.0,0.0,197870.47843137247,0.0,97.93746891766806,100.0,97.93746891766806,98.99999999994682,98.99999999994682,98.99999999994682,98.99999999994682,98.99999999994682,98.99999999994682,98.99999999994682,city,8.0,87.0,100.00000000000016,100.00000000000016,100.00000000000016,100.00000000000016,100.00000000000016,100.00000000000016,100.00000000000016,100.00000000000016,100.00000000000016,1.0,11.999999999999991,12.0,11.999999999999991,11.999999999999991,11.999999999999991,11.999999999999991,11.999999999999991,11.999999999999991,11.999999999999991,11.999999999999991
50,Pï¿½rto Velho,-128.0,0.0,77.0,1.0,2.0,3.0,4.0,4.999999999999999,6.0,7.0,12.0,-128.0,0.0,100.0,0.0,1.0,2.0,2.0,3.0,4.0,5.000000000000001,75.0,17876.196078431374,0.0,92.99999999999984,98.0,95.99999999999628,95.99999999999628,95.99999999999628,96.99999999999514,96.99999999999514,96.99999999999514,96.99999999999514,97.99999999999936,city,7.0,91.0,100.0,99.99999999999994,99.99999999999994,99.99999999999994,99.99999999999994,99.99999999999994,99.99999999999994,99.99999999999994,99.99999999999994,1.0,7.0,12.0,12.0,12.0,12.0,12.0,12.0,12.0,12.0,12.0
51,Pï¿½rto Velho,-86.0,1.0,84.0,3.0000000000000004,6.000000000000001,11.0,20.0,33.0,43.0,48.0,52.00000000000001,-100.0,1.0,100.0,2.0,4.0,27.0,100.0,100.0,100.0,100.0,100.0,81947.54509803919,0.0,34.99999999999887,99.0,40.00000000000082,51.99999999999994,85.00000000000048,93.99999999999778,95.99999999999451,96.999999999997,96.999999999997,97.99999999999798,upstream,9.0,83.0,100.0,100.0,100.0,100.0,100.0,100.0,100.0,100.0,100.0,1.0,5.000000000000001,12.0,11.999999999999991,11.999999999999991,11.999999999999991,11.999999999999991,11.999999999999991,11.999999999999991,11.999999999999991,11.999999999999991
52,Pï¿½rto Velho,-83.0,-2.0,80.0,2.0,3.0,4.0,4.0,4.999999999999999,6.000000000000003,7.0,9.0,-100.0,0.0,100.0,1.0,2.0,2.0,2.0,2.999999999999999,2.999999999999999,4.0,8.0,18502.474509803906,0.0,79.00000000000007,99.0,93.00000000000004,94.9999999999946,95.9999999999974,95.9999999999974,96.99999999999744,96.99999999999744,96.99999999999744,98.000000000002,downstream,10.0,97.0,100.0,100.0,100.0,100.0,100.0,100.0,100.0,100.0,100.0,1.0,6.000000000000001,12.0,11.999999999999998,11.999999999999998,11.999999999999998,11.999999999999998,11.999999999999998,11.999999999999998,11.999999999999998,11.999999999999998
53,Sao Paulo,-128.0,-33.0,96.0,-14.0,-6.0,-3.0,-2.0,-1.0,0.0,1.0,4.999999999999999,-128.0,-56.0,100.0,-9.0,-3.0000000000000004,-1.0,-1.0,0.0,0.0,0.0,8.0,154545.75686274515,0.0,73.48707233595266,98.0,87.5229474376195,90.86379033308286,92.95000792099084,94.31461314608366,94.31461314608366,95.50222938753592,95.50222938753592,95.50222938753592,city,6.0,71.38739470153679,100.00000000000009,94.0,100.00000000000006,100.00000000000006,100.00000000000006,100.00000000000006,100.00000000000006,100.00000000000006,100.00000000000006,1.0,5.363242875835936,12.00000000000002,12.0,12.0,12.0,12.0,12.0,12.0,12.0,12.0
54,Sao Paulo,-91.0,-45.0,94.0,-29.0,-21.0,-13.999999999999998,-9.000000000000002,-4.0,0.0,7.0,15.0,-100.0,-98.0,100.0,-60.0,-28.0,-13.0,-5.0,-1.0,6.0,26.0,85.0,27988.67058823529,0.0,24.000000000000043,96.0,39.43584050609813,51.77840505730023,60.87306658920917,69.34714673086978,74.31839358926575,80.13711471486221,85.11502187959121,89.17743894463455,upstream,8.0,51.0,100.0,70.0,80.99999999999999,89.00000000000001,94.0,97.00000000000004,100.0,100.0,100.0,1.0,2.0,12.000000000000002,3.000000000000001,5.271668399318113,7.0,8.0,11.999999999999998,11.999999999999998,11.999999999999998,11.999999999999998
55,Sao Paulo,-84.0,-15.0,86.0,-10.0,-6.0,-2.0,-1.0,0.0,0.0,0.0,4.0,-100.0,-10.0,100.0,-6.0,-3.0,-1.0,0.0,0.0,0.0,0.0,18.0,31928.160784313728,0.0,71.00000000000001,97.99999999999982,83.00000000000014,88.0000000000011,91.45982069229387,94.99999999999352,95.99999999999196,95.99999999999196,95.99999999999196,96.99999999999817,downstream,9.0,69.0,100.0,92.0,97.0,97.0,100.0,100.0,100.0,100.0,100.0,1.0,7.0,12.0,12.0,12.0,12.0,12.0,12.0,12.0,12.0,12.0
56,Santiago,-89.0,-43.0,84.0,-30.0,-16.0,-7.0,0.0,5.000000000000001,9.0,15.0,22.0,-100.0,-100.0,100.0,-53.0,-17.0,4.0,25.0,50.0,75.0,100.0,100.0,12335.317647058824,0.0,8.488722144374623,92.0,11.925799949609411,14.52537053724014,16.494363738572126,20.47295763993948,23.46491125414472,26.878473475279637,31.000000000000057,36.42201834862385,downstream,12.0,40.0,100.0,50.0,56.60712166740033,62.0,67.0,72.0,77.0,83.0,92.0,1.0,1.0,12.0,1.0,1.0,1.0,1.0,2.0,2.0,3.0,6.0
57,Santiago,-128.0,-47.0,89.0,-30.0,-15.0,-4.0,3.0,8.0,15.0,24.0,37.0,-128.0,-100.0,100.0,-54.0,-15.0,3.0,30.0,72.0,100.0,100.0,100.0,5766.149019607843,0.0,11.000000000000018,98.0,16.224895941727368,21.180270167427715,25.40476858345021,29.686017012386213,34.0,37.80387243735761,47.00000000000001,66.0,city,11.0,48.0,100.0,61.0,69.0,75.0,82.0,88.0,94.0,100.0,100.0,1.0,1.0,12.0,1.0,2.0,3.0,4.0,5.0,7.0,12.0,12.0
58,Santiago,-100.0,-53.0,63.0,-32.0,-17.000000000000004,-12.0,-8.0,-5.0,-1.0,3.0,11.0,-100.0,-98.0,100.0,-48.0,-24.0,-15.0,-9.0,-4.0,1.0,13.0,38.0,3503.188235294117,1.0,26.00000000000001,89.0,37.99999999999998,46.00000000000002,51.0,55.99999999999995,60.99999999999993,64.99999999999993,70.00000000000001,74.99999999999996,upstream,20.0,72.0,100.0,86.0,91.0,94.0,97.0,97.0,100.0,100.0,100.0,1.0,1.0,12.0,2.0,3.0,4.0,5.0,6.0,7.0,9.0,12.0
59,Temuco,-128.0,-57.0,98.0,-38.0,-21.0,-4.0,5.999999999999999,15.0,23.0,31.0,45.0,-128.0,-100.0,100.0,-58.0,-14.999999999999998,9.0,35.0,59.0,88.0,100.0,100.0,8555.247058823526,0.0,17.00000000000004,96.0,25.000000000000057,34.000000000000064,42.000000000000064,51.00000000000001,57.999999999999964,67.00000000000001,74.07998338007683,82.99999999999999,downstream,8.0,66.0,100.0,77.0,85.0,88.99999999999999,94.0,99.99999999999996,99.99999999999996,99.99999999999996,99.99999999999996,1.0,1.0,12.000000000000002,1.0,2.0,3.0,5.0,6.0,12.000000000000002,12.000000000000002,12.000000000000002
60,Temuco,-128.0,-58.0,96.0,-42.0,-25.0,-8.0,3.0,15.0,26.0,39.0,56.0,-128.0,-100.0,100.0,-60.0,-22.0,-3.0,11.0,37.0,82.0,100.0,100.0,3690.117647058824,0.0,24.000000000000043,98.0,35.999999999999986,47.0,55.99999999999999,64.0,72.99999999999993,78.99999999999999,85.99999999999997,91.0,city,8.0,62.0,100.0,76.0,84.0,90.0,94.0,100.0,100.0,100.0,100.0,1.0,1.0,12.0,1.0,2.0,4.0,6.0,12.0,12.0,12.0,12.0
61,Temuco,-128.0,-75.0,100.0,-50.0,-28.0,-9.0,3.0,11.0,21.000000000000004,32.0,48.0,-128.0,-100.0,100.0,-69.0,-23.0,-3.0,25.0,62.0,100.0,100.0,100.0,5729.066666666666,0.0,19.00000000000004,96.0,27.99999999999997,38.99999999999998,47.00000000000002,53.999999999999964,62.999999999999936,70.00000000000003,75.99999999999991,84.0,upstream,8.0,47.0,100.0,66.0,76.0,83.0,90.0,95.0,100.0,100.0,100.0,1.0,1.0,12.0,1.0,2.0,3.0,3.0,5.0,12.0,12.0,12.0
62,Cali,-128.0,-83.0,100.0,-63.0,-50.0,-35.0,-19.0,1.0,10.999999999999998,24.0,45.0,-128.0,-100.0,100.0,-100.0,-82.0,-41.0,-10.0,16.0,82.0,100.0,100.0,17249.164705882362,0.0,18.000000000000025,99.0,29.99999999999993,42.00000000000003,51.99999999999992,62.0,69.99999999999999,77.00000000000003,83.0000000000001,89.00000000000018,upstream,8.0,49.99999999999999,100.0,66.0,78.0,87.00000000000001,95.0,100.0,100.0,100.0,100.0,1.0,1.0,12.0,1.0,2.0,3.0,5.0,12.0,12.0,12.0,12.0
63,Cali,-128.0,-61.0,81.0,-42.99999999999999,-32.0,-20.0,-9.0,2.0,4.999999999999999,7.0,12.0,-128.0,-100.0,100.0,-56.0,-32.0,-9.0,16.0,54.0,100.0,100.0,100.0,25988.98823529412,0.0,8.462801370305732,95.0,20.518202589489725,25.94045282031144,30.915097487724616,37.45504650361695,45.000000000000064,51.45371465872462,58.90511413346058,72.42777913710137,downstram,8.0,30.395346439645667,100.0,41.0,53.0,65.0,74.67711833893422,87.0,96.0,100.0,100.0,1.0,1.0,12.0,1.0,1.0,2.0,2.0,3.0,3.0,6.0,11.999999999999998
64,Cali,-128.0,-86.0,76.0,-59.0,-39.99999999999999,-26.0,-10.0,8.0,13.0,18.0,26.0,-128.0,-100.0,100.0,-100.0,-80.0,-33.0,-3.0,58.0,100.0,100.0,100.0,2774.8000000000006,0.0,12.99999999999998,91.0,20.00000000000001,26.000000000000004,36.0,44.99999999999999,54.00000000000001,62.0,70.0,79.0,city,10.0,50.0,100.0,61.0,72.0,83.0,93.0,100.0,100.0,100.0,100.0,1.0,1.0,12.0,1.0,1.0,2.0,2.0,2.0,3.0,12.0,12.0
65,Bogotï¿½,-128.0,-33.0,100.0,-4.0,8.0,17.0,25.0,33.0,42.0,54.0,69.0,-128.0,-44.0,100.0,11.0,43.0,80.0,100.0,100.0,100.0,100.0,100.0,2629.2392156862743,0.0,18.46230982019363,92.0,28.000000000000007,36.46092619392185,46.0,53.000000000000014,57.99999999999999,60.874521183981365,64.26192346537987,75.0,upstream,14.0,48.0,100.0,60.0,68.0,79.0,86.0,93.0,100.0,100.0,100.0,1.0,1.0,12.0,2.0,3.0,4.0,5.0,6.000000000000001,7.0,12.0,12.0
66,Bogotï¿½,-128.0,-36.0,83.0,-10.0,2.0,10.0,13.0,18.0,25.0,36.0,48.0,-128.0,-42.0,100.0,-2.0,20.0,54.0,89.0,100.0,100.0,100.0,100.0,4514.458823529412,0.0,15.0,95.0,23.223909442297074,30.018577981651383,37.81332250203086,48.836296099761206,60.00000000000003,71.0,79.70249551459791,88.99999999999999,city,15.0,44.0,100.0,58.0,69.0,78.0,85.0,93.0,100.0,100.0,100.0,1.0,2.0,12.0,3.0,4.0,5.0,5.0,6.0,7.0,12.0,12.0
67,Bogotï¿½,-128.0,27.0,83.0,44.0,56.0,61.0,63.0,66.0,68.0,70.0,72.0,-128.0,81.0,100.0,93.0,100.0,100.0,100.0,100.0,100.0,100.0,100.0,7755.501960784313,0.0,45.000000000000064,88.0,51.993297655453446,54.51490572223212,56.00000000000039,57.55266002693693,60.48464800420238,60.48464800420238,63.00000000000026,67.02075487488493,downstream,16.0,61.0,100.00000000000004,75.00000000000001,81.0,86.0,90.0,94.0,100.0,100.0,100.0,1.0,5.059781257767834,12.000000000000002,7.0,7.0,12.0,12.0,12.0,12.0,12.0,12.0
68,Cuenca,,,,,,,,,,,,,,,,,,,,,,,0.0,,,,,,,,,,,,upstream,,,,,,,,,,,,,,,,,,,,,,
69,Cuenca,-73.0,-73.0,86.0,-52.0,-17.0,-17.0,11.0,12.0,16.0,16.0,18.0,-100.0,-100.0,100.0,-60.0,-20.0,-20.0,100.0,100.0,100.0,100.0,100.0,7.333333333333333,1.0,3.0,69.0,4.0,8.0,8.0,16.0,16.0,16.0,16.0,16.0,downstream,34.0,34.0,100.0,63.0,71.0,71.0,71.0,85.0,100.0,100.0,100.0,1.0,1.0,12.0,1.0,1.0,2.0,2.0,2.0,2.0,2.0,2.0
70,Cuenca,-128.0,-50.0,100.0,-39.0,-29.0,-7.0,12.0,20.0,41.0,63.0,76.0,-128.0,-100.0,100.0,-93.0,-40.0,1.0,40.0,66.0,92.0,100.0,100.0,1744.0980392156864,0.0,17.0,89.0,33.99999999999999,50.0,61.00000000000002,66.00000000000003,68.00000000000001,71.0,72.99999999999997,75.99999999999999,downstream,11.0,30.0,100.0,55.0,70.0,81.0,92.0,96.0,100.0,100.0,100.0,1.0,1.0,12.0,2.0,3.0,4.0,5.0,8.0,12.0,12.0,12.0
71,Guayaquil,-128.0,-26.0,100.0,0.0,0.0,0.0,0.0,0.0,0.0,10.999999999999998,27.999999999999996,-128.0,-21.0,100.00000000000004,0.0,0.0,0.0,0.0,0.0,0.0,17.0,100.0,2228564.525490196,0.0,71.88487952454652,100.0,85.99235353062832,92.64204663480128,97.09027317338736,98.69944845620869,99.60599070610805,99.60599070610805,100.0,100.0,downstream,9.0,58.0,100.00000000000009,86.04597241290291,96.0,100.00000000000004,100.00000000000004,100.00000000000004,100.00000000000004,100.00000000000004,100.00000000000004,1.0,3.0,12.000000000000002,11.999991261045222,12.0,12.0,12.0,12.0,12.0,12.0,12.0
72,Guayaquil,-128.0,-128.0,100.0,-42.0,0.0,14.0,24.767704420600648,36.0,50.0,66.0,85.0,-128.0,-128.0,100.00000000000004,-56.0,0.0,66.0,100.0,100.0,100.0,100.0,100.0,525093.5176470585,0.0,14.39033310803797,100.0,21.770565376047717,28.33773668600016,35.81207606073473,42.84732755996336,50.44156223893182,57.06099090014768,70.44229069628574,84.00000000000057,upstream,10.0,50.00000000000001,100.00000000000036,62.41480297172735,69.0,78.0,86.0,100.00000000000011,100.00000000000011,100.00000000000011,100.00000000000011,1.0,1.0,12.000000000000004,1.0,1.0,2.0,2.0,2.0,3.0,3.0,5.0
73,Guayaquil,-128.0,-9.0,100.0,0.0,0.0,0.0,0.0,11.0,18.0,25.0,36.0,-128.0,-1.0,100.0,0.0,0.0,0.0,3.0,44.99999999999999,99.99999999999996,99.99999999999996,99.99999999999996,184380.98039215704,0.0,32.50446055665073,100.0,67.99999999999979,87.52364088673102,92.99999999999352,95.99999999999442,98.00000000001924,98.00000000001924,99.00000000003992,100.0,city,9.0,50.00000000000001,100.0,69.49056956365042,95.7678734012801,99.9999999999998,99.9999999999998,99.9999999999998,99.9999999999998,99.9999999999998,99.9999999999998,1.0,2.262551881811292,12.0,4.008184101095913,6.123091376173343,11.999989241192685,11.999989241192685,11.999989241192685,11.999989241192685,11.999989241192685,11.999989241192685
74,Asunciï¿½n,-95.0,-31.0,88.0,-18.0,-12.999999999999998,-10.000000000000002,-7.0,-3.0,0.0,2.0,3.0,-100.0,-90.0,100.0,-61.0,-43.0,-26.0,-6.0,0.0,3.0,63.0,99.99999999999994,371595.0941176469,0.0,18.89002138352489,99.0,47.494906342425246,76.49154962048658,90.48508797835572,94.9340936597144,95.9999999999914,95.9999999999914,96.9999999999979,97.1362979890892,upstream,6.0,15.000000000000002,100.0,20.0,27.269430382148084,39.62887591609459,50.0,66.0,97.0,100.0,100.0,1.0,2.0,12.0,5.0,11.98862142015052,11.98862142015052,11.98862142015052,11.98862142015052,11.98862142015052,12.0,12.0
75,Asunciï¿½n,-91.0,-30.0,94.0,-18.0,-12.0,-8.0,-5.000000000000001,0.0,2.0,3.0,4.0,-100.0,-74.0,100.0,-50.0,-28.0,-9.0,0.0,4.0,91.0,100.0,100.0,476094.211764706,0.0,11.835237483490529,99.0,37.19472862122837,72.1096084194096,89.0000000000006,94.8987723147712,96.81072908621354,96.81072908621354,97.99999999999764,98.04740172266445,downstream,5.0,18.0,100.0,24.0,32.0,50.000000000000014,60.0,66.0,97.0,100.0,100.0,1.0,1.0,12.0,4.0,6.0,12.0,12.0,12.0,12.0,12.0,12.0
76,Asunciï¿½n,-90.0,-34.0,92.0,-20.0,-15.0,-10.0,-2.0,0.0,1.0,3.0,5.0,-100.0,-99.0,100.00000000000004,-74.0,-46.0,-14.999999999999998,0.0,0.0,1.0,58.0,100.0,158447.7490196078,0.0,34.5895440973817,99.0,72.00000000000011,88.00000000000011,94.3632630322322,96.67184023196006,96.67184023196006,96.67184023196006,96.67184023196006,97.61657644212032,city,6.0,20.0,100.0,31.0,44.0,60.00000000000001,81.0,100.0,100.0,100.0,100.0,1.0,2.0,12.000000000000002,7.0,12.0,12.0,12.0,12.0,12.0,12.0,12.0
77,Ciudad del Este,-77.0,-16.0,33.0,-6.0,-2.0,-1.0,0.0,0.0,0.0,0.0,1.0,-100.0,-15.0,100.0,-3.0,-1.0,0.0,0.0,0.0,0.0,0.0,1.0,15046.372549019605,0.0,82.00000000000001,99.0,93.00000000000004,94.99999999999598,95.99999999999802,95.99999999999802,95.99999999999802,96.99999999999704,96.99999999999704,96.99999999999704,downstream,9.0,91.0,100.0,100.0,100.0,100.0,100.0,100.0,100.0,100.0,100.0,1.0,3.0,12.0,12.0,12.0,12.0,12.0,12.0,12.0,12.0,12.0
78,Ciudad del Este,-94.0,-19.0,80.0,-9.0,-4.0,-2.0,-1.0,-1.0,0.0,0.0,2.0,-100.0,-22.0,100.0,-5.0,-1.0,-1.0,0.0,0.0,0.0,0.0,8.0,8735.858823529406,0.0,69.00000000000001,99.0,88.00000000000006,94.00000000000028,96.0000000000014,96.99999999999888,96.99999999999888,96.99999999999888,97.99999999999854,97.99999999999854,city,10.0,74.0,100.0,97.0,99.99999999999996,99.99999999999996,99.99999999999996,99.99999999999996,99.99999999999996,99.99999999999996,99.99999999999996,1.0,2.0,12.0,4.0,11.999999999999996,11.999999999999996,11.999999999999996,11.999999999999996,11.999999999999996,11.999999999999996,11.999999999999996
79,Ciudad del Este,-89.0,-4.0,91.0,-1.0,-1.0,0.0,0.0,0.0,0.0,0.0,1.0,-100.0,-3.0,100.0,0.0,0.0,0.0,0.0,0.0,0.0,0.0,0.0,274418.349019608,0.0,94.45629949400534,100.0,97.00000000004076,97.9999999999294,97.9999999999294,97.9999999999294,97.9999999999294,97.9999999999294,98.999999999981,98.999999999981,upstream,6.0,100.0,100.0,100.0,100.0,100.0,100.0,100.0,100.0,100.0,100.0,1.0,11.999999999999975,12.0,11.999999999999975,11.999999999999975,11.999999999999975,11.999999999999975,11.999999999999975,11.999999999999975,11.999999999999975,12.0
80,Huancayo,-88.0,-43.0,86.0,-29.0,-18.0,-10.0,-1.0,7.0,14.999999999999998,27.0,43.0,-100.0,-97.0,100.0,-76.0,-42.0,-15.0,2.0,21.0,45.0,72.0,100.0,5482.78431372549,0.0,16.0,94.0,26.99999999999997,36.00000000000001,43.00000000000003,48.99999999999999,53.99999999999996,60.00000000000001,64.99999999999994,73.99999999999997,upstream,6.0,37.0,100.0,50.0,58.0,65.0,71.0,77.0,82.0,88.0,96.0,1.0,1.0,12.0,2.0,2.0,4.0,5.0,7.0,12.0,12.0,12.0
81,Huancayo,-90.0,-38.0,91.0,-23.0,-15.0,-8.0,1.0,8.0,15.0,26.0,42.0,-100.0,-97.0,100.0,-70.0,-33.0,-8.0,7.0,27.0,53.0,85.0,100.0,2064.035294117649,0.0,13.999999999999996,93.0,26.0,36.000000000000014,42.99999999999998,50.000000000000014,55.00000000000003,60.00000000000004,66.99999999999999,75.99999999999999,city,8.0,30.0,100.0,42.0,50.0,58.0,66.0,75.0,81.0,88.0,97.0,1.0,1.0,12.0,2.0,3.0,4.0,6.0,11.999999999999998,11.999999999999998,11.999999999999998,11.999999999999998
82,Huancayo,-76.0,-33.0,83.0,-22.0,-14.0,-6.0,2.0,8.0,14.0,21.0,30.0,-100.0,-85.0,100.0,-49.0,-23.0,-2.0,13.0,34.0,57.0,87.0,100.0,4545.101960784314,0.0,11.00000000000002,94.0,17.000000000000036,23.00000000000005,27.99999999999997,32.0,36.99999999999998,43.0,48.99999999999999,60.00000000000002,downstream,7.0,36.0,100.0,46.0,53.0,59.0,64.0,69.0,75.0,82.0,95.0,1.0,1.0,12.0,2.0,2.0,3.0,4.0,5.0,8.0,12.0,12.0
83,Piura,-128.0,-50.0,78.0,-37.0,-31.0,-24.0,-16.0,-8.0,0.0,9.0,18.0,-128.0,-99.99999999999996,100.0,-99.99999999999996,-55.0,-27.0,-1.0,16.0,36.0,68.0,100.0,4383.149019607843,0.0,5.00000000000002,83.0,8.0,11.000000000000025,13.000000000000004,15.000000000000004,18.00000000000001,22.000000000000018,25.99999999999999,32.0,downstream,8.0,26.0,100.0,37.0,47.99999999999999,56.0,66.00000000000001,73.0,83.0,99.99999999999996,99.99999999999996,1.0,1.0,12.0,1.0,1.0,2.0,2.0,2.0,2.0,2.0,2.0
84,Piura,-128.0,-60.0,86.0,-44.0,-35.0,-29.0,-17.0,4.0,9.0,18.0,32.0,-128.0,-100.0,100.0,-100.0,-95.0,-57.0,-4.0,67.0,100.0,100.0,100.0,9688.13333333334,0.0,5.00000000000003,94.0,10.000000000000057,15.00000000000001,21.00000000000002,26.000000000000004,32.0,37.99999999999997,47.00000000000001,62.000000000000014,upstream,7.0,34.0,100.0,49.99999999999999,65.0,78.0,92.0,100.0,100.0,100.0,100.0,1.0,1.0,12.0,1.0,2.0,3.0,3.0,4.0,5.000000000000001,9.0,11.999999999999998
85,Piura,-128.0,-53.0,68.0,-41.0,-32.0,-22.0,-10.0,1.0,11.0,20.0,28.0,-128.0,-100.0,100.0,-80.0,-29.0,-8.0,5.0,28.0,85.0,100.0,100.0,2923.654901960784,0.0,11.999999999999996,97.0,17.999999999999996,25.000000000000007,33.000000000000014,44.99999999999999,54.00000000000001,60.00000000000002,69.99999999999999,90.0,city,9.0,34.0,100.0,50.0,60.0,68.0,79.0,86.0,100.0,100.0,100.0,1.0,1.0,12.0,2.0,2.0,2.0,3.0,5.0,6.0,8.0,12.0
86,Acarigua-Aruare,-128.0,-100.0,100.0,-50.0,-33.0,-23.0,-8.0,5.999999999999999,9.0,13.999999999999998,20.0,-128.0,-100.0,100.0,-100.0,-88.0,-28.0,24.0,100.0,100.0,100.0,100.0,2561.0000000000005,0.0,4.0,45.0,5.999999999999997,8.0,9.000000000000004,11.000000000000025,13.999999999999996,16.0,18.999999999999982,25.0,upstream,9.0,25.0,100.0,34.0,41.0,49.99999999999999,58.0,71.0,100.0,100.0,100.0,1.0,1.0,8.0,1.0,1.0,1.0,2.0,2.0,2.0,3.0,4.0
87,Acarigua-Aruare,-128.0,-52.0,47.0,-40.0,-31.0,-22.0,-9.0,3.0,8.0,14.0,21.0,-128.0,-100.0,100.0,-100.0,-85.0,-15.0,25.0,50.0,78.0,100.0,100.0,2367.137254901961,0.0,5.000000000000005,82.0,9.000000000000005,11.999999999999996,14.999999999999998,18.0,21.0,23.0,26.0,31.000000000000004,upstream,9.0,26.0,100.0,40.0,50.0,60.00000000000001,66.0,76.0,91.0,100.0,100.0,1.0,1.0,12.0,1.0,1.0,2.0,2.0,3.0,3.0,4.0,4.0
88,Acarigua-Aruare,-128.0,-49.99999999999999,51.0,-42.0,-37.0,-26.0,-15.0,-1.0,6.0,11.0,19.0,-128.0,-100.0,100.0,-100.0,-100.0,-33.0,12.0,45.0,69.0,100.0,100.0,7902.737254901959,0.0,4.0,47.0,7.000000000000009,11.00000000000001,14.000000000000032,17.000000000000046,20.00000000000005,22.00000000000005,25.99999999999996,30.000000000000007,downstream,8.0,29.0,100.0,47.0,57.0,65.0,75.0,84.0,100.0,100.0,100.0,1.0,1.0,7.0,1.0,2.0,2.0,2.0,3.0,3.0,4.0,5.0
89,Merida,-128.0,-63.0,31.0,-56.0,-50.0,-46.0,-42.0,-39.0,-35.0,-30.0,-17.0,-128.0,-100.0,100.0,-100.0,-100.0,-100.0,-97.0,-90.0,-67.0,-44.0,4.0,788.1843137254903,0.0,2.0,39.0,2.9999999999999973,4.0,5.000000000000002,7.0,10.000000000000002,13.999999999999998,20.0,25.0,downstream,7.0,20.0,100.0,23.0,29.0,35.0,50.0,66.0,80.0,100.0,100.0,1.0,1.0,10.0,1.0,1.0,2.0,2.0,3.0,3.0,4.0,6.0
90,Merida,-66.0,-59.0,18.0,-57.0,-54.0,-50.0,-47.0,-45.0,-42.0,-33.0,-18.0,-100.0,-100.0,100.0,-100.0,-100.0,-100.0,-100.0,-95.0,-91.0,-59.0,-22.0,49.0,0.0,2.0,24.0,3.0,4.0,5.0,7.0,9.0,10.0,14.0,24.0,city,14.0,20.0,100.0,25.0,28.0,38.0,51.0,75.0,80.0,100.0,100.0,1.0,1.0,5.0,1.0,1.0,1.0,2.0,3.0,3.0,4.0,5.0
91,Merida,-49.0,-49.0,37.0,-49.0,-49.0,23.0,23.0,23.0,37.0,37.0,37.0,-50.0,-50.0,100.0,-50.0,-50.0,100.0,100.0,100.0,100.0,100.0,100.0,3.0,3.0,20.0,21.0,20.0,20.0,20.0,20.0,21.0,21.0,21.0,21.0,upstream,33.0,33.0,100.0,33.0,33.0,83.0,83.0,83.0,100.0,100.0,100.0,1.0,1.0,1.0,1.0,1.0,1.0,1.0,1.0,1.0,1.0,1.0
92,Barranquilla,-128.0,-41.99999999999999,97.0,-28.0,-17.0,-5.0,2.0,6.0,10.000000000000002,15.000000000000004,24.0,-128.0,-93.57126024853696,100.00000000000004,-44.0,-13.000000000000002,0.0,6.0,10.999999999999998,30.0,67.0,100.0,428707.4039215688,0.0,24.85329808822566,99.0,44.26983593183219,58.63520651887936,70.60336041962643,82.41014964747995,87.46425574859946,92.73752100912536,95.0000000000008,96.0664668408181,upstream,7.0,39.0,100.00000000000004,54.0,65.99999999999999,76.15301916493353,87.09383209713354,93.0,96.0,100.0,100.0,1.0,2.3240957254755004,12.000000000000004,2.999999999999999,6.0,8.363409164970841,11.954679194442893,12.000000000000004,12.000000000000004,12.000000000000004,12.000000000000004
93,Barranquilla,-128.0,-42.0,97.0,-30.5381851651417,-20.0,-6.0,0.0,5.999999999999999,13.0,21.0,35.0,-128.0,-65.62167799232995,100.0,-30.0,-8.999999999999998,0.0,6.999999999999999,12.999999999999998,27.000000000000004,40.0,76.0,207231.9333333337,0.0,31.00000000000028,100.0,54.78241790009192,66.38242426219506,78.00000000000027,85.60243405497788,91.68885231286195,94.8356906614603,97.38607580490518,97.38607580490518,city,7.0,50.62866351779535,100.0,62.99999999999999,73.0,81.0,87.00000000000001,93.0,99.9999999999999,99.9999999999999,99.9999999999999,1.0,2.0,12.0,6.000000000000001,8.278218673440604,11.978465303369626,11.978465303369626,11.978465303369626,11.978465303369626,11.999999999999991,11.999999999999991
94,Cumana,-66.0,-40.0,17.0,-32.0,-28.0,-25.0,-22.0,-17.0,-9.0,4.0,6.0,-100.0,-100.0,100.0,-100.0,-100.0,-100.0,-64.0,-31.0,5.0,100.0,100.0,172.7725490196079,0.0,1.0,14.0,1.0,2.0,3.0000000000000013,3.0000000000000013,4.0,4.999999999999999,4.999999999999999,8.0,upstream,10.0,14.0,100.0,19.0,26.0,50.0,66.0,75.0,100.0,100.0,100.0,1.0,1.0,5.0,1.0,1.0,1.0,2.0,2.0,3.0,3.0,4.0
95,Cumana,-128.0,0.0,93.0,0.0,0.0,0.0,0.0,0.0,0.0,0.0,11.0,-128.0,0.0,100.0,0.0,0.0,0.0,0.0,0.0,0.0,0.0,46.99999999999999,11083.164705882373,0.0,97.99999999999908,100.0,98.9999999999848,98.9999999999848,98.9999999999848,98.9999999999848,98.9999999999848,98.9999999999848,98.9999999999848,98.9999999999848,city,13.0,100.0,100.0,100.0,100.0,100.0,100.0,100.0,100.0,100.0,100.0,1.0,12.0,12.0,12.0,12.0,12.0,12.0,12.0,12.0,12.0,12.0
96,Concepciï¿½n,-100.0,-15.0,63.0,0.0,0.0,0.0,0.0,0.0,0.0,0.0,10.0,-100.00000000000004,-9.0,100.0,0.0,0.0,0.0,0.0,0.0,0.0,0.0,13.000000000000002,92904.50196078408,0.0,76.00000000000061,100.0,85.68830095080541,90.6924321221687,92.7365620912325,94.7778990176066,95.82758874803726,95.82758874803726,97.39496739217452,97.39496739217452,upstream,12.0,96.00000000000011,100.0000000000002,100.00000000000011,100.00000000000011,100.00000000000011,100.00000000000011,100.00000000000011,100.00000000000011,100.00000000000011,100.00000000000011,1.0,4.452676888990121,12.0,11.99999999999995,11.99999999999995,11.99999999999995,11.99999999999995,11.99999999999995,11.99999999999995,12.0,12.0
97,Concepciï¿½n,-128.0,-56.0,100.0,-42.0,-18.0,0.0,0.0,0.0,0.0,0.0,0.0,-128.0,-58.0,100.0,-37.0,-10.0,0.0,0.0,0.0,0.0,0.0,1.0,33815.921568627535,0.0,49.00000000000002,100.0,84.0000000000001,93.00000000000084,96.0000000000008,97.00000000000028,97.99999999999874,97.99999999999874,97.99999999999874,99.0000000000012,city,9.0,86.0,100.0,95.0,100.0,100.0,100.0,100.0,100.0,100.0,100.0,1.0,3.0,12.0,11.999999999999996,11.999999999999996,11.999999999999996,11.999999999999996,11.999999999999996,11.999999999999996,11.999999999999996,11.999999999999996
